student_id,date_registered,first_date_watched,first_date_purchased,days_diff_reg_watch,days_diff_watch_purch
255193,2021-12-01,2021-12-01,NULL,0,NULL
255194,2021-12-01,2021-12-01,NULL,0,NULL
255198,2021-12-01,2022-02-17,NULL,78,NULL
255199,2021-12-01,2021-12-01,NULL,0,NULL
255200,2021-12-01,2021-12-01,NULL,0,NULL
255202,2021-12-01,2021-12-01,NULL,0,NULL
255203,2021-12-01,2021-12-01,2021-12-01,0,0
255204,2021-12-01,2021-12-01,2021-12-01,0,0
255205,2021-12-01,2021-12-01,NULL,0,NULL
255206,2021-12-01,2021-12-01,2021-12-02,0,1
255207,2021-12-01,2021-12-01,2021-12-01,0,0
255209,2021-12-01,2021-12-01,NULL,0,NULL
255211,2021-12-01,2021-12-02,NULL,1,NULL
255215,2021-12-01,2021-12-30,NULL,29,NULL
255218,2021-12-01,2021-12-01,2021-12-01,0,0
255222,2021-12-01,2021-12-01,NULL,0,NULL
255227,2021-12-01,2022-02-01,NULL,62,NULL
255235,2021-12-01,2021-12-01,NULL,0,NULL
255238,2021-12-01,2021-12-01,NULL,0,NULL
255239,2021-12-01,2021-12-01,NULL,0,NULL
255241,2021-12-01,2022-01-26,2022-03-21,56,54
255243,2021-12-01,2021-12-01,2021-12-01,0,0
255245,2021-12-01,2021-12-01,NULL,0,NULL
255246,2021-12-01,2021-12-01,NULL,0,NULL
255253,2021-12-01,2021-12-01,NULL,0,NULL
255254,2021-12-01,2021-12-03,NULL,2,NULL
255260,2021-12-01,2021-12-01,NULL,0,NULL
255261,2021-12-01,2021-12-07,NULL,6,NULL
255262,2021-12-01,2021-12-24,2021-12-24,23,0
255268,2021-12-01,2021-12-01,2021-12-28,0,27
255269,2021-12-01,2021-12-01,2021-12-01,0,0
255271,2021-12-01,2021-12-01,2021-12-01,0,0
255272,2021-12-01,2021-12-01,2021-12-01,0,0
255279,2021-12-01,2021-12-01,2021-12-01,0,0
255280,2021-12-01,2021-12-04,2021-12-04,3,0
255283,2021-12-01,2021-12-05,NULL,4,NULL
255285,2021-12-01,2021-12-07,NULL,6,NULL
255286,2021-12-01,2021-12-02,NULL,1,NULL
255287,2021-12-01,2021-12-01,NULL,0,NULL
255294,2021-12-01,2021-12-01,NULL,0,NULL
255297,2021-12-01,2021-12-01,NULL,0,NULL
255301,2021-12-01,2022-08-27,NULL,269,NULL
255302,2021-12-01,2021-12-01,NULL,0,NULL
255306,2021-12-01,2021-12-01,2021-12-02,0,1
255309,2021-12-01,2021-12-01,NULL,0,NULL
255310,2021-12-01,2021-12-01,NULL,0,NULL
255312,2021-12-01,2021-12-01,2021-12-01,0,0
255315,2021-12-01,2021-12-01,2021-12-01,0,0
255318,2021-12-01,2021-12-01,2021-12-01,0,0
255319,2021-12-01,2021-12-01,NULL,0,NULL
255329,2021-12-01,2022-06-06,NULL,187,NULL
255331,2021-12-01,2021-12-01,NULL,0,NULL
255332,2021-12-01,2021-12-01,2021-12-01,0,0
255335,2021-12-01,2021-12-01,2021-12-01,0,0
255338,2021-12-01,2021-12-01,2021-12-01,0,0
255340,2021-12-01,2021-12-01,NULL,0,NULL
255344,2021-12-01,2021-12-01,2021-12-01,0,0
255345,2021-12-01,2021-12-01,NULL,0,NULL
255346,2021-12-01,2021-12-01,2021-12-01,0,0
255347,2021-12-01,2021-12-01,NULL,0,NULL
255348,2021-12-01,2021-12-01,2021-12-01,0,0
255349,2021-12-01,2021-12-01,2021-12-01,0,0
255351,2021-12-01,2021-12-01,NULL,0,NULL
255358,2021-12-02,2021-12-02,NULL,0,NULL
255361,2021-12-02,2021-12-02,NULL,0,NULL
255363,2021-12-02,2021-12-02,NULL,0,NULL
255365,2021-12-02,2021-12-02,NULL,0,NULL
255367,2021-12-02,2021-12-02,2021-12-06,0,4
255368,2021-12-02,2021-12-02,NULL,0,NULL
255372,2021-12-02,2021-12-02,2021-12-02,0,0
255375,2021-12-02,2021-12-02,NULL,0,NULL
255377,2021-12-02,2021-12-02,NULL,0,NULL
255378,2021-12-02,2021-12-02,2021-12-02,0,0
255381,2021-12-02,2021-12-02,NULL,0,NULL
255382,2021-12-02,2021-12-02,NULL,0,NULL
255384,2021-12-02,2022-01-29,NULL,58,NULL
255389,2021-12-02,2021-12-02,NULL,0,NULL
255391,2021-12-02,2021-12-02,2021-12-02,0,0
255396,2021-12-02,2021-12-02,2021-12-06,0,4
255397,2021-12-02,2021-12-02,2021-12-02,0,0
255398,2021-12-02,2021-12-02,NULL,0,NULL
255400,2021-12-02,2021-12-02,NULL,0,NULL
255404,2021-12-02,2022-09-05,NULL,277,NULL
255406,2021-12-02,2021-12-02,2021-12-02,0,0
255407,2021-12-02,2021-12-02,NULL,0,NULL
255413,2021-12-02,2021-12-02,NULL,0,NULL
255414,2021-12-02,2021-12-02,NULL,0,NULL
255419,2021-12-02,2021-12-02,NULL,0,NULL
255421,2021-12-02,2022-02-17,NULL,77,NULL
255422,2021-12-02,2021-12-02,NULL,0,NULL
255425,2021-12-02,2021-12-02,NULL,0,NULL
255426,2021-12-02,2021-12-02,NULL,0,NULL
255431,2021-12-02,2021-12-02,NULL,0,NULL
255433,2021-12-02,2021-12-24,NULL,22,NULL
255435,2021-12-02,2021-12-02,NULL,0,NULL
255439,2021-12-02,2021-12-02,NULL,0,NULL
255441,2021-12-02,2021-12-02,NULL,0,NULL
255442,2021-12-02,2021-12-02,NULL,0,NULL
255443,2021-12-02,2021-12-02,NULL,0,NULL
255444,2021-12-02,2021-12-02,NULL,0,NULL
255447,2021-12-02,2021-12-02,NULL,0,NULL
255449,2021-12-02,2021-12-02,2021-12-05,0,3
255451,2021-12-02,2021-12-02,NULL,0,NULL
255452,2021-12-02,2021-12-02,NULL,0,NULL
255455,2021-12-02,2021-12-02,NULL,0,NULL
255462,2021-12-02,2021-12-02,NULL,0,NULL
255464,2021-12-02,2021-12-02,NULL,0,NULL
255465,2021-12-02,2021-12-02,NULL,0,NULL
255476,2021-12-02,2021-12-02,NULL,0,NULL
255477,2021-12-02,2021-12-02,NULL,0,NULL
255478,2021-12-02,2021-12-03,NULL,1,NULL
255479,2021-12-02,2021-12-02,NULL,0,NULL
255480,2021-12-02,2021-12-13,NULL,11,NULL
255481,2021-12-02,2021-12-04,NULL,2,NULL
255488,2021-12-02,2021-12-04,2021-12-04,2,0
255492,2021-12-02,2021-12-03,NULL,1,NULL
255493,2021-12-02,2021-12-02,NULL,0,NULL
255494,2021-12-02,2021-12-02,NULL,0,NULL
255495,2021-12-02,2021-12-02,NULL,0,NULL
255496,2021-12-02,2021-12-03,NULL,1,NULL
255498,2021-12-02,2021-12-02,NULL,0,NULL
255502,2021-12-02,2021-12-02,NULL,0,NULL
255508,2021-12-02,2021-12-08,NULL,6,NULL
255509,2021-12-02,2021-12-02,NULL,0,NULL
255511,2021-12-02,2022-04-17,NULL,136,NULL
255513,2021-12-02,2021-12-02,NULL,0,NULL
255515,2021-12-03,2021-12-03,NULL,0,NULL
255516,2021-12-03,2021-12-03,NULL,0,NULL
255517,2021-12-03,2021-12-03,NULL,0,NULL
255521,2021-12-03,2021-12-03,NULL,0,NULL
255523,2021-12-03,2021-12-03,NULL,0,NULL
255524,2021-12-03,2021-12-03,NULL,0,NULL
255525,2021-12-03,2021-12-03,NULL,0,NULL
255529,2021-12-03,2021-12-03,2021-12-07,0,4
255532,2021-12-03,2021-12-03,NULL,0,NULL
255533,2021-12-03,2021-12-03,NULL,0,NULL
255534,2021-12-03,2021-12-03,2021-12-06,0,3
255547,2021-12-03,2021-12-03,NULL,0,NULL
255548,2021-12-03,2021-12-03,NULL,0,NULL
255550,2021-12-03,2021-12-03,NULL,0,NULL
255553,2021-12-03,2021-12-03,NULL,0,NULL
255554,2021-12-03,2021-12-03,NULL,0,NULL
255555,2021-12-03,2021-12-03,NULL,0,NULL
255556,2021-12-03,2021-12-03,NULL,0,NULL
255558,2021-12-03,2021-12-03,NULL,0,NULL
255559,2021-12-03,2021-12-03,NULL,0,NULL
255561,2021-12-03,2021-12-06,NULL,3,NULL
255563,2021-12-03,2021-12-03,2021-12-03,0,0
255572,2021-12-03,2021-12-03,NULL,0,NULL
255578,2021-12-03,2021-12-03,NULL,0,NULL
255580,2021-12-03,2021-12-03,NULL,0,NULL
255581,2021-12-03,2021-12-03,NULL,0,NULL
255585,2021-12-03,2021-12-03,NULL,0,NULL
255587,2021-12-03,2021-12-03,NULL,0,NULL
255589,2021-12-03,2021-12-10,2021-12-10,7,0
255592,2021-12-03,2021-12-07,NULL,4,NULL
255593,2021-12-03,2021-12-03,NULL,0,NULL
255595,2021-12-03,2021-12-05,2021-12-09,2,4
255598,2021-12-03,2021-12-03,NULL,0,NULL
255603,2021-12-03,2021-12-03,NULL,0,NULL
255606,2021-12-03,2021-12-03,NULL,0,NULL
255608,2021-12-03,2021-12-03,NULL,0,NULL
255610,2021-12-03,2021-12-03,NULL,0,NULL
255613,2021-12-03,2022-08-15,NULL,255,NULL
255615,2021-12-03,2021-12-06,NULL,3,NULL
255619,2021-12-03,2021-12-04,NULL,1,NULL
255622,2021-12-03,2021-12-03,NULL,0,NULL
255623,2021-12-03,2021-12-23,NULL,20,NULL
255624,2021-12-03,2021-12-03,NULL,0,NULL
255630,2021-12-03,2021-12-03,NULL,0,NULL
255634,2021-12-03,2021-12-03,NULL,0,NULL
255637,2021-12-03,2021-12-03,NULL,0,NULL
255641,2021-12-03,2021-12-03,2021-12-03,0,0
255642,2021-12-03,2021-12-03,NULL,0,NULL
255643,2021-12-03,2021-12-03,NULL,0,NULL
255646,2021-12-03,2021-12-03,NULL,0,NULL
255650,2021-12-03,2021-12-03,NULL,0,NULL
255652,2021-12-03,2021-12-03,NULL,0,NULL
255656,2021-12-03,2021-12-03,NULL,0,NULL
255657,2021-12-03,2021-12-03,NULL,0,NULL
255658,2021-12-03,2021-12-03,NULL,0,NULL
255660,2021-12-03,2022-03-04,NULL,91,NULL
255661,2021-12-04,2021-12-04,NULL,0,NULL
255664,2021-12-04,2021-12-04,NULL,0,NULL
255665,2021-12-04,2021-12-04,NULL,0,NULL
255668,2021-12-04,2021-12-04,2022-01-25,0,52
255670,2021-12-04,2021-12-07,NULL,3,NULL
255677,2021-12-04,2021-12-04,NULL,0,NULL
255684,2021-12-04,2021-12-04,NULL,0,NULL
255690,2021-12-04,2021-12-04,NULL,0,NULL
255692,2021-12-04,2021-12-04,NULL,0,NULL
255694,2021-12-04,2021-12-04,NULL,0,NULL
255696,2021-12-04,2021-12-04,NULL,0,NULL
255698,2021-12-04,2021-12-04,NULL,0,NULL
255700,2021-12-04,2021-12-04,NULL,0,NULL
255702,2021-12-04,2021-12-04,NULL,0,NULL
255703,2021-12-04,2021-12-04,NULL,0,NULL
255711,2021-12-04,2021-12-06,NULL,2,NULL
255713,2021-12-04,2021-12-04,NULL,0,NULL
255714,2021-12-04,2021-12-04,NULL,0,NULL
255715,2021-12-04,2021-12-04,NULL,0,NULL
255716,2021-12-04,2021-12-04,NULL,0,NULL
255720,2021-12-04,2021-12-04,NULL,0,NULL
255723,2021-12-04,2021-12-06,NULL,2,NULL
255724,2021-12-04,2021-12-04,NULL,0,NULL
255727,2021-12-04,2021-12-04,NULL,0,NULL
255728,2021-12-04,2021-12-04,NULL,0,NULL
255729,2021-12-04,2021-12-04,NULL,0,NULL
255730,2021-12-04,2021-12-04,NULL,0,NULL
255731,2021-12-04,2021-12-04,NULL,0,NULL
255732,2021-12-04,2022-03-21,NULL,107,NULL
255733,2021-12-04,2021-12-04,NULL,0,NULL
255734,2021-12-04,2021-12-04,NULL,0,NULL
255735,2021-12-04,2021-12-04,NULL,0,NULL
255741,2021-12-04,2021-12-14,NULL,10,NULL
255744,2021-12-04,2021-12-04,2021-12-06,0,2
255748,2021-12-04,2021-12-06,NULL,2,NULL
255749,2021-12-04,2021-12-04,NULL,0,NULL
255751,2021-12-04,2021-12-07,NULL,3,NULL
255752,2021-12-04,2021-12-04,NULL,0,NULL
255755,2021-12-04,2021-12-06,NULL,2,NULL
255757,2021-12-04,2021-12-04,NULL,0,NULL
255759,2021-12-04,2021-12-04,NULL,0,NULL
255761,2021-12-04,2021-12-04,NULL,0,NULL
255762,2021-12-04,2021-12-04,NULL,0,NULL
255764,2021-12-04,2021-12-04,NULL,0,NULL
255765,2021-12-04,2021-12-06,2021-12-10,2,4
255766,2021-12-04,2021-12-04,NULL,0,NULL
255768,2021-12-04,2022-01-06,NULL,33,NULL
255770,2021-12-04,2021-12-04,NULL,0,NULL
255772,2021-12-04,2021-12-04,2021-12-04,0,0
255774,2021-12-04,2021-12-04,NULL,0,NULL
255776,2021-12-04,2021-12-04,NULL,0,NULL
255779,2021-12-04,2021-12-04,NULL,0,NULL
255784,2021-12-04,2021-12-04,NULL,0,NULL
255786,2021-12-04,2021-12-05,NULL,1,NULL
255789,2021-12-04,2021-12-04,NULL,0,NULL
255791,2021-12-04,2021-12-04,NULL,0,NULL
255792,2021-12-04,2021-12-04,NULL,0,NULL
255793,2021-12-05,2021-12-07,NULL,2,NULL
255795,2021-12-05,2021-12-05,NULL,0,NULL
255796,2021-12-05,2021-12-05,NULL,0,NULL
255798,2021-12-05,2022-02-22,NULL,79,NULL
255800,2021-12-05,2021-12-05,NULL,0,NULL
255804,2021-12-05,2021-12-05,NULL,0,NULL
255806,2021-12-05,2021-12-05,NULL,0,NULL
255808,2021-12-05,2021-12-05,NULL,0,NULL
255810,2021-12-05,2021-12-06,NULL,1,NULL
255813,2021-12-05,2021-12-05,NULL,0,NULL
255819,2021-12-05,2021-12-05,NULL,0,NULL
255820,2021-12-05,2021-12-05,NULL,0,NULL
255821,2021-12-05,2021-12-05,NULL,0,NULL
255826,2021-12-05,2021-12-05,NULL,0,NULL
255827,2021-12-05,2021-12-05,2022-02-25,0,82
255830,2021-12-05,2021-12-05,NULL,0,NULL
255831,2021-12-05,2021-12-05,NULL,0,NULL
255832,2021-12-05,2021-12-05,NULL,0,NULL
255833,2021-12-05,2021-12-05,NULL,0,NULL
255834,2021-12-05,2021-12-05,NULL,0,NULL
255835,2021-12-05,2021-12-09,NULL,4,NULL
255836,2021-12-05,2021-12-05,NULL,0,NULL
255838,2021-12-05,2022-02-19,NULL,76,NULL
255839,2021-12-05,2021-12-06,NULL,1,NULL
255840,2021-12-05,2021-12-05,NULL,0,NULL
255844,2021-12-05,2021-12-05,NULL,0,NULL
255848,2021-12-05,2021-12-05,NULL,0,NULL
255849,2021-12-05,2021-12-05,NULL,0,NULL
255852,2021-12-05,2021-12-05,NULL,0,NULL
255854,2021-12-05,2021-12-05,NULL,0,NULL
255855,2021-12-05,2021-12-05,NULL,0,NULL
255859,2021-12-05,2021-12-05,2021-12-08,0,3
255865,2021-12-05,2021-12-05,NULL,0,NULL
255867,2021-12-05,2021-12-05,NULL,0,NULL
255870,2021-12-05,2021-12-05,NULL,0,NULL
255871,2021-12-05,2021-12-05,NULL,0,NULL
255872,2021-12-05,2021-12-05,NULL,0,NULL
255875,2021-12-05,2021-12-05,NULL,0,NULL
255876,2021-12-05,2021-12-05,NULL,0,NULL
255877,2021-12-05,2021-12-11,NULL,6,NULL
255879,2021-12-05,2021-12-05,NULL,0,NULL
255880,2021-12-05,2021-12-05,NULL,0,NULL
255884,2021-12-05,2021-12-08,NULL,3,NULL
255885,2021-12-05,2021-12-05,NULL,0,NULL
255886,2021-12-05,2022-08-14,NULL,252,NULL
255887,2021-12-05,2021-12-05,NULL,0,NULL
255888,2021-12-05,2021-12-05,NULL,0,NULL
255890,2021-12-05,2021-12-05,NULL,0,NULL
255892,2021-12-05,2021-12-07,2023-01-19,2,408
255894,2021-12-05,2021-12-07,NULL,2,NULL
255896,2021-12-06,2021-12-06,NULL,0,NULL
255897,2021-12-06,2022-08-16,NULL,253,NULL
255898,2021-12-06,2021-12-06,NULL,0,NULL
255902,2021-12-06,2021-12-06,NULL,0,NULL
255903,2021-12-06,2021-12-06,NULL,0,NULL
255905,2021-12-06,2021-12-06,NULL,0,NULL
255908,2021-12-06,2021-12-06,NULL,0,NULL
255909,2021-12-06,2022-01-10,NULL,35,NULL
255910,2021-12-06,2021-12-06,NULL,0,NULL
255911,2021-12-06,2021-12-06,NULL,0,NULL
255912,2021-12-06,2021-12-06,2022-02-18,0,74
255914,2021-12-06,2021-12-06,NULL,0,NULL
255916,2021-12-06,2021-12-06,NULL,0,NULL
255917,2021-12-06,2022-01-03,NULL,28,NULL
255919,2021-12-06,2021-12-06,NULL,0,NULL
255920,2021-12-06,2021-12-06,NULL,0,NULL
255921,2021-12-06,2021-12-06,NULL,0,NULL
255923,2021-12-06,2021-12-07,NULL,1,NULL
255926,2021-12-06,2021-12-06,NULL,0,NULL
255927,2021-12-06,2021-12-06,NULL,0,NULL
255930,2021-12-06,2021-12-06,NULL,0,NULL
255931,2021-12-06,2021-12-10,NULL,4,NULL
255935,2021-12-06,2021-12-06,NULL,0,NULL
255936,2021-12-06,2021-12-06,NULL,0,NULL
255942,2021-12-06,2021-12-06,NULL,0,NULL
255943,2021-12-06,2021-12-06,NULL,0,NULL
255949,2021-12-06,2021-12-06,NULL,0,NULL
255958,2021-12-06,2021-12-28,NULL,22,NULL
255960,2021-12-06,2021-12-06,NULL,0,NULL
255963,2021-12-06,2021-12-06,NULL,0,NULL
255972,2021-12-06,2021-12-06,NULL,0,NULL
255973,2021-12-06,2022-03-06,NULL,90,NULL
255975,2021-12-06,2021-12-06,NULL,0,NULL
255979,2021-12-06,2021-12-17,NULL,11,NULL
255982,2021-12-06,2021-12-06,NULL,0,NULL
255984,2021-12-06,2021-12-06,NULL,0,NULL
255985,2021-12-06,2021-12-06,NULL,0,NULL
255988,2021-12-06,2021-12-06,NULL,0,NULL
255989,2021-12-06,2021-12-06,NULL,0,NULL
255991,2021-12-06,2021-12-07,NULL,1,NULL
255993,2021-12-06,2021-12-06,2021-12-16,0,10
255995,2021-12-06,2021-12-06,NULL,0,NULL
255997,2021-12-06,2021-12-06,NULL,0,NULL
255999,2021-12-06,2021-12-06,NULL,0,NULL
256000,2021-12-06,2021-12-06,NULL,0,NULL
256002,2021-12-06,2021-12-06,NULL,0,NULL
256004,2021-12-06,2021-12-06,NULL,0,NULL
256009,2021-12-06,2021-12-06,NULL,0,NULL
256010,2021-12-06,2022-09-20,NULL,288,NULL
256011,2021-12-06,2021-12-09,NULL,3,NULL
256015,2021-12-06,2021-12-06,NULL,0,NULL
256018,2021-12-06,2021-12-28,2021-12-29,22,1
256019,2021-12-06,2021-12-06,NULL,0,NULL
256023,2021-12-06,2021-12-06,NULL,0,NULL
256027,2021-12-06,2021-12-06,NULL,0,NULL
256032,2021-12-06,2021-12-06,NULL,0,NULL
256033,2021-12-06,2021-12-06,NULL,0,NULL
256036,2021-12-06,2021-12-06,NULL,0,NULL
256039,2021-12-06,2021-12-06,NULL,0,NULL
256042,2021-12-06,2021-12-06,NULL,0,NULL
256043,2021-12-06,2022-05-31,NULL,176,NULL
256044,2021-12-06,2021-12-06,NULL,0,NULL
256048,2021-12-06,2021-12-06,NULL,0,NULL
256050,2021-12-06,2021-12-07,NULL,1,NULL
256051,2021-12-06,2021-12-06,NULL,0,NULL
256052,2021-12-07,2021-12-07,NULL,0,NULL
256054,2021-12-07,2021-12-07,NULL,0,NULL
256055,2021-12-07,2021-12-07,2021-12-07,0,0
256057,2021-12-07,2021-12-07,NULL,0,NULL
256058,2021-12-07,2022-09-11,NULL,278,NULL
256060,2021-12-07,2021-12-07,NULL,0,NULL
256061,2021-12-07,2021-12-07,NULL,0,NULL
256062,2021-12-07,2021-12-07,NULL,0,NULL
256064,2021-12-07,2021-12-07,NULL,0,NULL
256065,2021-12-07,2021-12-07,NULL,0,NULL
256067,2021-12-07,2021-12-07,NULL,0,NULL
256071,2021-12-07,2021-12-07,NULL,0,NULL
256073,2021-12-07,2021-12-07,NULL,0,NULL
256074,2021-12-07,2021-12-07,NULL,0,NULL
256075,2021-12-07,2021-12-07,NULL,0,NULL
256077,2021-12-07,2021-12-07,NULL,0,NULL
256079,2021-12-07,2021-12-07,NULL,0,NULL
256082,2021-12-07,2021-12-07,NULL,0,NULL
256085,2021-12-07,2021-12-07,NULL,0,NULL
256086,2021-12-07,2021-12-24,NULL,17,NULL
256088,2021-12-07,2021-12-07,NULL,0,NULL
256089,2021-12-07,2021-12-07,NULL,0,NULL
256093,2021-12-07,2021-12-10,NULL,3,NULL
256095,2021-12-07,2021-12-07,NULL,0,NULL
256096,2021-12-07,2021-12-07,NULL,0,NULL
256099,2021-12-07,2021-12-25,NULL,18,NULL
256102,2021-12-07,2021-12-07,NULL,0,NULL
256104,2021-12-07,2021-12-07,NULL,0,NULL
256109,2021-12-07,2021-12-07,NULL,0,NULL
256110,2021-12-07,2021-12-07,NULL,0,NULL
256111,2021-12-07,2021-12-19,NULL,12,NULL
256112,2021-12-07,2021-12-07,NULL,0,NULL
256115,2021-12-07,2021-12-07,NULL,0,NULL
256116,2021-12-07,2021-12-07,NULL,0,NULL
256120,2021-12-07,2021-12-07,NULL,0,NULL
256123,2021-12-07,2021-12-07,NULL,0,NULL
256125,2021-12-07,2021-12-07,NULL,0,NULL
256126,2021-12-07,2021-12-07,NULL,0,NULL
256127,2021-12-07,2021-12-17,2021-12-17,10,0
256128,2021-12-07,2021-12-07,NULL,0,NULL
256130,2021-12-07,2021-12-07,NULL,0,NULL
256133,2021-12-07,2021-12-10,NULL,3,NULL
256134,2021-12-07,2021-12-07,NULL,0,NULL
256135,2021-12-07,2021-12-07,NULL,0,NULL
256140,2021-12-07,2021-12-07,NULL,0,NULL
256143,2021-12-07,2021-12-07,NULL,0,NULL
256145,2021-12-07,2021-12-07,NULL,0,NULL
256149,2021-12-07,2022-01-08,NULL,32,NULL
256150,2021-12-07,2021-12-08,NULL,1,NULL
256152,2021-12-07,2021-12-07,NULL,0,NULL
256154,2021-12-07,2021-12-07,NULL,0,NULL
256156,2021-12-07,2021-12-07,NULL,0,NULL
256157,2021-12-07,2021-12-14,NULL,7,NULL
256161,2021-12-07,2021-12-07,NULL,0,NULL
256162,2021-12-07,2022-09-15,NULL,282,NULL
256163,2021-12-07,2021-12-07,NULL,0,NULL
256164,2021-12-07,2021-12-07,NULL,0,NULL
256168,2021-12-07,2021-12-07,NULL,0,NULL
256169,2021-12-07,2021-12-07,NULL,0,NULL
256176,2021-12-07,2021-12-08,NULL,1,NULL
256178,2021-12-08,2021-12-08,NULL,0,NULL
256180,2021-12-08,2021-12-08,NULL,0,NULL
256181,2021-12-08,2021-12-08,NULL,0,NULL
256183,2021-12-08,2021-12-08,NULL,0,NULL
256185,2021-12-08,2021-12-08,NULL,0,NULL
256187,2021-12-08,2021-12-08,NULL,0,NULL
256190,2021-12-08,2021-12-08,NULL,0,NULL
256193,2021-12-08,2021-12-08,2021-12-08,0,0
256195,2021-12-08,2021-12-09,NULL,1,NULL
256196,2021-12-08,2021-12-08,NULL,0,NULL
256198,2021-12-08,2021-12-08,NULL,0,NULL
256201,2021-12-08,2021-12-08,NULL,0,NULL
256204,2021-12-08,2021-12-08,NULL,0,NULL
256208,2021-12-08,2021-12-08,NULL,0,NULL
256209,2021-12-08,2022-04-24,NULL,137,NULL
256211,2021-12-08,2021-12-08,NULL,0,NULL
256215,2021-12-08,2021-12-19,NULL,11,NULL
256222,2021-12-08,2021-12-08,NULL,0,NULL
256223,2021-12-08,2021-12-08,NULL,0,NULL
256229,2021-12-08,2021-12-08,NULL,0,NULL
256230,2021-12-08,2021-12-08,NULL,0,NULL
256233,2021-12-08,2021-12-08,NULL,0,NULL
256237,2021-12-08,2021-12-08,NULL,0,NULL
256238,2021-12-08,2021-12-08,NULL,0,NULL
256240,2021-12-08,2021-12-08,NULL,0,NULL
256242,2021-12-08,2021-12-08,NULL,0,NULL
256243,2021-12-08,2021-12-11,NULL,3,NULL
256244,2021-12-08,2022-08-12,NULL,247,NULL
256249,2021-12-08,2021-12-08,NULL,0,NULL
256253,2021-12-08,2021-12-08,NULL,0,NULL
256254,2021-12-08,2022-07-27,NULL,231,NULL
256257,2021-12-08,2021-12-08,NULL,0,NULL
256258,2021-12-08,2021-12-08,NULL,0,NULL
256259,2021-12-08,2022-01-13,NULL,36,NULL
256260,2021-12-08,2021-12-08,NULL,0,NULL
256261,2021-12-08,2021-12-08,NULL,0,NULL
256262,2021-12-08,2021-12-08,NULL,0,NULL
256263,2021-12-08,2021-12-08,NULL,0,NULL
256266,2021-12-08,2021-12-09,NULL,1,NULL
256269,2021-12-08,2021-12-08,NULL,0,NULL
256270,2021-12-08,2021-12-09,2021-12-09,1,0
256273,2021-12-08,2021-12-08,NULL,0,NULL
256274,2021-12-08,2021-12-09,NULL,1,NULL
256276,2021-12-08,2021-12-08,NULL,0,NULL
256281,2021-12-08,2021-12-08,NULL,0,NULL
256284,2021-12-08,2021-12-08,NULL,0,NULL
256286,2021-12-08,2021-12-11,NULL,3,NULL
256288,2021-12-08,2021-12-08,NULL,0,NULL
256289,2021-12-08,2021-12-08,NULL,0,NULL
256291,2021-12-08,2021-12-08,NULL,0,NULL
256294,2021-12-08,2021-12-08,NULL,0,NULL
256295,2021-12-08,2021-12-08,NULL,0,NULL
256296,2021-12-08,2022-03-30,NULL,112,NULL
256298,2021-12-08,2021-12-08,NULL,0,NULL
256299,2021-12-08,2021-12-08,NULL,0,NULL
256301,2021-12-08,2021-12-08,2023-01-23,0,411
256302,2021-12-08,2021-12-08,NULL,0,NULL
256303,2021-12-08,2021-12-08,NULL,0,NULL
256305,2021-12-08,2021-12-14,NULL,6,NULL
256310,2021-12-09,2021-12-09,NULL,0,NULL
256312,2021-12-09,2021-12-09,2023-01-18,0,405
256316,2021-12-09,2021-12-09,NULL,0,NULL
256318,2021-12-09,2021-12-09,NULL,0,NULL
256321,2021-12-09,2021-12-09,NULL,0,NULL
256322,2021-12-09,2022-07-18,NULL,221,NULL
256326,2021-12-09,2021-12-09,NULL,0,NULL
256329,2021-12-09,2021-12-09,2021-12-16,0,7
256332,2021-12-09,2021-12-09,NULL,0,NULL
256333,2021-12-09,2021-12-09,NULL,0,NULL
256336,2021-12-09,2021-12-09,NULL,0,NULL
256340,2021-12-09,2021-12-09,NULL,0,NULL
256342,2021-12-09,2021-12-09,NULL,0,NULL
256344,2021-12-09,2021-12-09,NULL,0,NULL
256347,2021-12-09,2021-12-09,NULL,0,NULL
256349,2021-12-09,2021-12-09,NULL,0,NULL
256350,2021-12-09,2021-12-09,NULL,0,NULL
256353,2021-12-09,2021-12-09,NULL,0,NULL
256354,2021-12-09,2021-12-09,NULL,0,NULL
256355,2021-12-09,2021-12-09,NULL,0,NULL
256357,2021-12-09,2021-12-09,NULL,0,NULL
256358,2021-12-09,2021-12-14,NULL,5,NULL
256359,2021-12-09,2021-12-09,NULL,0,NULL
256360,2021-12-09,2021-12-09,NULL,0,NULL
256365,2021-12-09,2021-12-09,NULL,0,NULL
256371,2021-12-09,2021-12-09,NULL,0,NULL
256373,2021-12-09,2021-12-09,NULL,0,NULL
256376,2021-12-09,2021-12-09,NULL,0,NULL
256378,2021-12-09,2021-12-09,NULL,0,NULL
256379,2021-12-09,2021-12-09,NULL,0,NULL
256380,2021-12-09,2021-12-09,NULL,0,NULL
256383,2021-12-09,2021-12-09,NULL,0,NULL
256384,2021-12-09,2021-12-09,NULL,0,NULL
256386,2021-12-09,2021-12-10,2021-12-27,1,17
256395,2021-12-09,2021-12-10,NULL,1,NULL
256396,2021-12-09,2021-12-09,NULL,0,NULL
256397,2021-12-09,2021-12-09,NULL,0,NULL
256398,2021-12-09,2021-12-09,NULL,0,NULL
256401,2021-12-09,2021-12-09,NULL,0,NULL
256403,2021-12-09,2021-12-09,NULL,0,NULL
256409,2021-12-09,2022-06-21,NULL,194,NULL
256411,2021-12-09,2021-12-09,NULL,0,NULL
256412,2021-12-09,2021-12-09,NULL,0,NULL
256418,2021-12-09,2021-12-09,NULL,0,NULL
256419,2021-12-09,2021-12-09,NULL,0,NULL
256421,2021-12-09,2021-12-09,NULL,0,NULL
256422,2021-12-09,2021-12-09,2021-12-12,0,3
256423,2021-12-09,2022-01-27,NULL,49,NULL
256426,2021-12-09,2021-12-11,NULL,2,NULL
256428,2021-12-09,2021-12-09,NULL,0,NULL
256430,2021-12-09,2021-12-09,NULL,0,NULL
256435,2021-12-09,2021-12-09,NULL,0,NULL
256436,2021-12-09,2021-12-10,NULL,1,NULL
256437,2021-12-10,2021-12-10,NULL,0,NULL
256438,2021-12-10,2021-12-10,NULL,0,NULL
256442,2021-12-10,2021-12-10,NULL,0,NULL
256445,2021-12-10,2021-12-10,NULL,0,NULL
256446,2021-12-10,2021-12-10,NULL,0,NULL
256448,2021-12-10,2021-12-10,2022-01-20,0,41
256452,2021-12-10,2021-12-10,NULL,0,NULL
256453,2021-12-10,2021-12-10,NULL,0,NULL
256457,2021-12-10,2021-12-10,NULL,0,NULL
256459,2021-12-10,2021-12-10,NULL,0,NULL
256460,2021-12-10,2021-12-10,NULL,0,NULL
256461,2021-12-10,2021-12-10,NULL,0,NULL
256476,2021-12-10,2021-12-10,NULL,0,NULL
256477,2021-12-10,2021-12-10,NULL,0,NULL
256481,2021-12-10,2021-12-10,NULL,0,NULL
256483,2021-12-10,2021-12-10,NULL,0,NULL
256484,2021-12-10,2021-12-10,2021-12-22,0,12
256491,2021-12-10,2021-12-10,NULL,0,NULL
256492,2021-12-10,2021-12-10,NULL,0,NULL
256493,2021-12-10,2021-12-10,NULL,0,NULL
256496,2021-12-10,2021-12-10,NULL,0,NULL
256498,2021-12-10,2021-12-10,NULL,0,NULL
256499,2021-12-10,2021-12-11,NULL,1,NULL
256506,2021-12-10,2021-12-10,NULL,0,NULL
256510,2021-12-10,2021-12-10,NULL,0,NULL
256512,2021-12-10,2021-12-10,NULL,0,NULL
256513,2021-12-10,2021-12-10,NULL,0,NULL
256515,2021-12-10,2021-12-10,NULL,0,NULL
256516,2021-12-10,2021-12-11,2021-12-13,1,2
256517,2021-12-10,2021-12-10,NULL,0,NULL
256520,2021-12-10,2021-12-10,NULL,0,NULL
256522,2021-12-10,2021-12-10,NULL,0,NULL
256524,2021-12-10,2021-12-10,NULL,0,NULL
256527,2021-12-10,2021-12-10,2021-12-10,0,0
256529,2021-12-10,2021-12-10,NULL,0,NULL
256530,2021-12-10,2021-12-10,NULL,0,NULL
256531,2021-12-10,2021-12-10,NULL,0,NULL
256539,2021-12-10,2021-12-11,2021-12-14,1,3
256545,2021-12-10,2021-12-10,NULL,0,NULL
256548,2021-12-10,2022-05-13,NULL,154,NULL
256550,2021-12-10,2021-12-10,NULL,0,NULL
256553,2021-12-11,2021-12-11,NULL,0,NULL
256555,2021-12-11,2021-12-11,NULL,0,NULL
256556,2021-12-11,2021-12-11,NULL,0,NULL
256557,2021-12-11,2021-12-11,NULL,0,NULL
256560,2021-12-11,2021-12-11,NULL,0,NULL
256561,2021-12-11,2021-12-11,NULL,0,NULL
256564,2021-12-11,2021-12-11,2022-01-16,0,36
256565,2021-12-11,2021-12-11,NULL,0,NULL
256566,2021-12-11,2021-12-11,NULL,0,NULL
256567,2021-12-11,2021-12-11,NULL,0,NULL
256568,2021-12-11,2022-06-24,NULL,195,NULL
256570,2021-12-11,2021-12-21,2021-12-21,10,0
256572,2021-12-11,2021-12-11,NULL,0,NULL
256577,2021-12-11,2021-12-11,NULL,0,NULL
256579,2021-12-11,2021-12-11,NULL,0,NULL
256582,2021-12-11,2021-12-11,NULL,0,NULL
256588,2021-12-11,2021-12-11,NULL,0,NULL
256589,2021-12-11,2021-12-11,NULL,0,NULL
256590,2021-12-11,2021-12-11,NULL,0,NULL
256592,2021-12-11,2021-12-11,NULL,0,NULL
256593,2021-12-11,2021-12-11,NULL,0,NULL
256596,2021-12-11,2021-12-11,NULL,0,NULL
256598,2021-12-11,2022-05-05,NULL,145,NULL
256599,2021-12-11,2021-12-11,NULL,0,NULL
256604,2021-12-11,2021-12-11,NULL,0,NULL
256605,2021-12-11,2021-12-11,NULL,0,NULL
256607,2021-12-11,2021-12-11,NULL,0,NULL
256608,2021-12-11,2021-12-11,NULL,0,NULL
256609,2021-12-11,2021-12-11,NULL,0,NULL
256610,2021-12-11,2021-12-11,NULL,0,NULL
256612,2021-12-11,2021-12-11,NULL,0,NULL
256614,2021-12-11,2021-12-11,NULL,0,NULL
256615,2021-12-11,2021-12-12,NULL,1,NULL
256620,2021-12-11,2021-12-11,NULL,0,NULL
256621,2021-12-11,2021-12-11,NULL,0,NULL
256622,2021-12-11,2021-12-11,NULL,0,NULL
256623,2021-12-11,2021-12-11,NULL,0,NULL
256625,2021-12-11,2021-12-11,NULL,0,NULL
256626,2021-12-11,2021-12-11,2021-12-12,0,1
256628,2021-12-11,2021-12-11,NULL,0,NULL
256634,2021-12-11,2021-12-11,NULL,0,NULL
256644,2021-12-11,2021-12-11,NULL,0,NULL
256646,2021-12-11,2021-12-12,NULL,1,NULL
256648,2021-12-11,2021-12-15,NULL,4,NULL
256652,2021-12-12,2021-12-12,NULL,0,NULL
256654,2021-12-12,2022-05-08,NULL,147,NULL
256655,2021-12-12,2021-12-12,NULL,0,NULL
256657,2021-12-12,2021-12-12,NULL,0,NULL
256658,2021-12-12,2021-12-13,NULL,1,NULL
256659,2021-12-12,2021-12-12,NULL,0,NULL
256660,2021-12-12,2021-12-12,NULL,0,NULL
256661,2021-12-12,2021-12-12,NULL,0,NULL
256663,2021-12-12,2021-12-12,NULL,0,NULL
256664,2021-12-12,2021-12-12,NULL,0,NULL
256665,2021-12-12,2021-12-12,NULL,0,NULL
256666,2021-12-12,2021-12-12,NULL,0,NULL
256667,2021-12-12,2021-12-12,NULL,0,NULL
256670,2021-12-12,2021-12-12,2021-12-12,0,0
256671,2021-12-12,2021-12-12,NULL,0,NULL
256678,2021-12-12,2021-12-12,2021-12-12,0,0
256679,2021-12-12,2021-12-19,2021-12-19,7,0
256680,2021-12-12,2021-12-12,NULL,0,NULL
256684,2021-12-12,2021-12-12,NULL,0,NULL
256689,2021-12-12,2021-12-12,NULL,0,NULL
256692,2021-12-12,2021-12-12,NULL,0,NULL
256694,2021-12-12,2021-12-12,NULL,0,NULL
256700,2021-12-12,2021-12-12,NULL,0,NULL
256702,2021-12-12,2021-12-12,NULL,0,NULL
256703,2021-12-12,2021-12-12,2022-03-30,0,108
256704,2021-12-12,2021-12-15,NULL,3,NULL
256709,2021-12-12,2021-12-12,NULL,0,NULL
256711,2021-12-12,2022-10-21,NULL,313,NULL
256712,2021-12-12,2021-12-12,NULL,0,NULL
256715,2021-12-12,2021-12-12,NULL,0,NULL
256718,2021-12-12,2021-12-12,NULL,0,NULL
256724,2021-12-12,2021-12-12,NULL,0,NULL
256727,2021-12-12,2021-12-12,2021-12-12,0,0
256731,2021-12-12,2021-12-12,NULL,0,NULL
256732,2021-12-12,2021-12-12,NULL,0,NULL
256733,2021-12-12,2021-12-12,NULL,0,NULL
256734,2021-12-12,2022-01-20,NULL,39,NULL
256737,2021-12-12,2021-12-12,NULL,0,NULL
256743,2021-12-12,2021-12-12,NULL,0,NULL
256744,2021-12-12,2021-12-13,NULL,1,NULL
256746,2021-12-12,2021-12-12,NULL,0,NULL
256747,2021-12-12,2021-12-12,NULL,0,NULL
256748,2021-12-12,2021-12-12,NULL,0,NULL
256749,2021-12-12,2022-01-13,NULL,32,NULL
256752,2021-12-13,2022-03-28,NULL,105,NULL
256760,2021-12-13,2021-12-13,NULL,0,NULL
256763,2021-12-13,2021-12-13,NULL,0,NULL
256767,2021-12-13,2021-12-16,NULL,3,NULL
256768,2021-12-13,2021-12-13,NULL,0,NULL
256771,2021-12-13,2021-12-13,NULL,0,NULL
256772,2021-12-13,2021-12-13,NULL,0,NULL
256775,2021-12-13,2021-12-13,NULL,0,NULL
256779,2021-12-13,2021-12-13,2022-11-22,0,344
256780,2021-12-13,2021-12-13,NULL,0,NULL
256781,2021-12-13,2021-12-13,NULL,0,NULL
256785,2021-12-13,2021-12-13,NULL,0,NULL
256787,2021-12-13,2021-12-16,NULL,3,NULL
256794,2021-12-13,2021-12-21,NULL,8,NULL
256795,2021-12-13,2021-12-13,NULL,0,NULL
256797,2021-12-13,2021-12-13,NULL,0,NULL
256798,2021-12-13,2021-12-13,NULL,0,NULL
256803,2021-12-13,2021-12-13,NULL,0,NULL
256810,2021-12-13,2021-12-14,NULL,1,NULL
256811,2021-12-13,2021-12-13,NULL,0,NULL
256812,2021-12-13,2021-12-13,NULL,0,NULL
256819,2021-12-13,2021-12-13,NULL,0,NULL
256824,2021-12-13,2021-12-13,NULL,0,NULL
256826,2021-12-13,2021-12-19,2021-12-20,6,1
256832,2021-12-13,2021-12-13,NULL,0,NULL
256834,2021-12-13,2021-12-29,2022-03-30,16,91
256836,2021-12-13,2021-12-13,NULL,0,NULL
256838,2021-12-13,2021-12-13,2022-01-21,0,39
256839,2021-12-13,2021-12-13,NULL,0,NULL
256849,2021-12-13,2021-12-28,NULL,15,NULL
256850,2021-12-13,2021-12-13,NULL,0,NULL
256854,2021-12-13,2021-12-13,NULL,0,NULL
256855,2021-12-13,2021-12-14,NULL,1,NULL
256858,2021-12-13,2021-12-14,NULL,1,NULL
256859,2021-12-13,2021-12-13,NULL,0,NULL
256860,2021-12-13,2021-12-13,NULL,0,NULL
256861,2021-12-13,2021-12-13,NULL,0,NULL
256863,2021-12-13,2021-12-13,NULL,0,NULL
256864,2021-12-13,2021-12-13,NULL,0,NULL
256865,2021-12-13,2021-12-13,NULL,0,NULL
256867,2021-12-13,2021-12-13,NULL,0,NULL
256868,2021-12-13,2021-12-13,2021-12-17,0,4
256872,2021-12-13,2021-12-13,NULL,0,NULL
256875,2021-12-13,2021-12-13,NULL,0,NULL
256877,2021-12-13,2021-12-13,NULL,0,NULL
256879,2021-12-13,2021-12-13,NULL,0,NULL
256883,2021-12-14,2021-12-14,NULL,0,NULL
256887,2021-12-14,2021-12-20,NULL,6,NULL
256888,2021-12-14,2021-12-14,NULL,0,NULL
256889,2021-12-14,2021-12-14,NULL,0,NULL
256890,2021-12-14,2021-12-14,NULL,0,NULL
256893,2021-12-14,2021-12-14,NULL,0,NULL
256894,2021-12-14,2021-12-14,NULL,0,NULL
256896,2021-12-14,2021-12-14,NULL,0,NULL
256900,2021-12-14,2021-12-14,NULL,0,NULL
256901,2021-12-14,2021-12-14,NULL,0,NULL
256903,2021-12-14,2021-12-14,NULL,0,NULL
256904,2021-12-14,2021-12-14,2021-12-14,0,0
256906,2021-12-14,2021-12-14,NULL,0,NULL
256908,2021-12-14,2021-12-14,NULL,0,NULL
256910,2021-12-14,2021-12-15,NULL,1,NULL
256911,2021-12-14,2021-12-14,NULL,0,NULL
256913,2021-12-14,2021-12-14,NULL,0,NULL
256914,2021-12-14,2021-12-14,NULL,0,NULL
256917,2021-12-14,2021-12-14,NULL,0,NULL
256918,2021-12-14,2021-12-14,NULL,0,NULL
256921,2021-12-14,2021-12-14,2021-12-14,0,0
256922,2021-12-14,2021-12-14,NULL,0,NULL
256925,2021-12-14,2021-12-14,NULL,0,NULL
256927,2021-12-14,2021-12-14,NULL,0,NULL
256929,2021-12-14,2021-12-14,NULL,0,NULL
256932,2021-12-14,2021-12-14,NULL,0,NULL
256933,2021-12-14,2021-12-17,NULL,3,NULL
256934,2021-12-14,2021-12-14,NULL,0,NULL
256935,2021-12-14,2021-12-14,NULL,0,NULL
256937,2021-12-14,2022-09-19,NULL,279,NULL
256938,2021-12-14,2021-12-14,NULL,0,NULL
256943,2021-12-14,2021-12-14,NULL,0,NULL
256944,2021-12-14,2021-12-14,NULL,0,NULL
256947,2021-12-14,2022-01-23,NULL,40,NULL
256948,2021-12-14,2021-12-14,NULL,0,NULL
256950,2021-12-14,2021-12-16,NULL,2,NULL
256953,2021-12-14,2021-12-14,NULL,0,NULL
256959,2021-12-14,2021-12-14,NULL,0,NULL
256962,2021-12-14,2021-12-14,NULL,0,NULL
256966,2021-12-14,2021-12-14,NULL,0,NULL
256967,2021-12-14,2021-12-14,NULL,0,NULL
256968,2021-12-14,2021-12-14,NULL,0,NULL
256970,2021-12-14,2021-12-14,2021-12-17,0,3
256971,2021-12-14,2021-12-14,NULL,0,NULL
256972,2021-12-14,2021-12-14,NULL,0,NULL
256978,2021-12-14,2021-12-14,NULL,0,NULL
256979,2021-12-14,2021-12-14,NULL,0,NULL
256980,2021-12-14,2021-12-14,NULL,0,NULL
256982,2021-12-14,2021-12-14,NULL,0,NULL
256983,2021-12-14,2021-12-14,NULL,0,NULL
256990,2021-12-14,2021-12-16,2021-12-16,2,0
256991,2021-12-14,2021-12-14,NULL,0,NULL
256993,2021-12-14,2021-12-14,NULL,0,NULL
256997,2021-12-14,2021-12-14,NULL,0,NULL
256999,2021-12-14,2021-12-14,NULL,0,NULL
257003,2021-12-14,2021-12-28,2021-12-30,14,2
257004,2021-12-14,2021-12-14,NULL,0,NULL
257005,2021-12-14,2021-12-14,NULL,0,NULL
257007,2021-12-14,2021-12-14,NULL,0,NULL
257009,2021-12-15,2021-12-15,NULL,0,NULL
257015,2021-12-15,2021-12-15,NULL,0,NULL
257016,2021-12-15,2021-12-15,NULL,0,NULL
257017,2021-12-15,2021-12-15,NULL,0,NULL
257023,2021-12-15,2021-12-15,NULL,0,NULL
257025,2021-12-15,2021-12-15,NULL,0,NULL
257028,2021-12-15,2021-12-15,NULL,0,NULL
257029,2021-12-15,2021-12-15,NULL,0,NULL
257033,2021-12-15,2021-12-15,NULL,0,NULL
257034,2021-12-15,2021-12-15,NULL,0,NULL
257035,2021-12-15,2022-08-15,NULL,243,NULL
257036,2021-12-15,2022-04-12,NULL,118,NULL
257040,2021-12-15,2022-01-18,NULL,34,NULL
257041,2021-12-15,2021-12-15,NULL,0,NULL
257043,2021-12-15,2021-12-15,NULL,0,NULL
257046,2021-12-15,2021-12-15,NULL,0,NULL
257048,2021-12-15,2021-12-15,NULL,0,NULL
257049,2021-12-15,2021-12-15,NULL,0,NULL
257053,2021-12-15,2021-12-15,2021-12-15,0,0
257055,2021-12-15,2022-08-16,NULL,244,NULL
257060,2021-12-15,2021-12-15,NULL,0,NULL
257066,2021-12-15,2021-12-15,NULL,0,NULL
257068,2021-12-15,2021-12-15,NULL,0,NULL
257069,2021-12-15,2021-12-15,NULL,0,NULL
257072,2021-12-15,2021-12-15,NULL,0,NULL
257074,2021-12-15,2021-12-15,NULL,0,NULL
257078,2021-12-15,2021-12-15,NULL,0,NULL
257079,2021-12-15,2021-12-15,NULL,0,NULL
257081,2021-12-15,2021-12-15,NULL,0,NULL
257084,2021-12-15,2021-12-15,NULL,0,NULL
257085,2021-12-15,2021-12-15,NULL,0,NULL
257089,2021-12-15,2021-12-15,NULL,0,NULL
257090,2021-12-15,2021-12-16,NULL,1,NULL
257091,2021-12-15,2021-12-15,NULL,0,NULL
257094,2021-12-15,2021-12-15,NULL,0,NULL
257095,2021-12-15,2022-05-21,2022-05-27,157,6
257098,2021-12-15,2021-12-15,NULL,0,NULL
257100,2021-12-15,2021-12-15,NULL,0,NULL
257102,2021-12-15,2021-12-15,NULL,0,NULL
257104,2021-12-15,2021-12-15,NULL,0,NULL
257110,2021-12-15,2021-12-15,NULL,0,NULL
257114,2021-12-15,2021-12-15,NULL,0,NULL
257116,2021-12-15,2021-12-15,NULL,0,NULL
257119,2021-12-15,2021-12-15,NULL,0,NULL
257120,2021-12-15,2021-12-15,NULL,0,NULL
257121,2021-12-15,2021-12-15,NULL,0,NULL
257125,2021-12-15,2021-12-15,NULL,0,NULL
257126,2021-12-15,2021-12-15,NULL,0,NULL
257129,2021-12-15,2021-12-15,NULL,0,NULL
257135,2021-12-16,2021-12-16,NULL,0,NULL
257136,2021-12-16,2021-12-16,NULL,0,NULL
257137,2021-12-16,2021-12-16,NULL,0,NULL
257139,2021-12-16,2021-12-16,NULL,0,NULL
257143,2021-12-16,2021-12-16,NULL,0,NULL
257144,2021-12-16,2021-12-16,NULL,0,NULL
257146,2021-12-16,2021-12-16,NULL,0,NULL
257151,2021-12-16,2021-12-16,2022-03-25,0,99
257152,2021-12-16,2021-12-16,NULL,0,NULL
257155,2021-12-16,2021-12-16,2021-12-19,0,3
257156,2021-12-16,2021-12-16,NULL,0,NULL
257157,2021-12-16,2021-12-16,NULL,0,NULL
257160,2021-12-16,2021-12-16,NULL,0,NULL
257162,2021-12-16,2021-12-16,NULL,0,NULL
257165,2021-12-16,2021-12-16,NULL,0,NULL
257171,2021-12-16,2021-12-16,NULL,0,NULL
257173,2021-12-16,2021-12-16,NULL,0,NULL
257177,2021-12-16,2021-12-16,NULL,0,NULL
257179,2021-12-16,2021-12-16,NULL,0,NULL
257180,2021-12-16,2022-01-03,NULL,18,NULL
257186,2021-12-16,2021-12-16,NULL,0,NULL
257187,2021-12-16,2021-12-16,NULL,0,NULL
257188,2021-12-16,2021-12-16,NULL,0,NULL
257191,2021-12-16,2021-12-16,NULL,0,NULL
257196,2021-12-16,2021-12-16,NULL,0,NULL
257197,2021-12-16,2021-12-16,NULL,0,NULL
257200,2021-12-16,2021-12-16,NULL,0,NULL
257203,2021-12-16,2021-12-16,NULL,0,NULL
257205,2021-12-16,2021-12-16,NULL,0,NULL
257206,2021-12-16,2021-12-16,NULL,0,NULL
257213,2021-12-16,2022-01-07,NULL,22,NULL
257214,2021-12-16,2022-03-01,NULL,75,NULL
257217,2021-12-16,2021-12-16,NULL,0,NULL
257222,2021-12-16,2021-12-16,NULL,0,NULL
257226,2021-12-16,2021-12-16,NULL,0,NULL
257227,2021-12-16,2021-12-16,NULL,0,NULL
257229,2021-12-16,2021-12-20,NULL,4,NULL
257231,2021-12-16,2021-12-16,NULL,0,NULL
257232,2021-12-16,2021-12-20,NULL,4,NULL
257233,2021-12-16,2022-01-10,NULL,25,NULL
257235,2021-12-16,2022-02-06,NULL,52,NULL
257237,2021-12-16,2021-12-16,NULL,0,NULL
257238,2021-12-16,2021-12-16,NULL,0,NULL
257239,2021-12-16,2021-12-16,NULL,0,NULL
257240,2021-12-17,2021-12-17,2021-12-17,0,0
257241,2021-12-17,2021-12-17,NULL,0,NULL
257242,2021-12-17,2021-12-17,NULL,0,NULL
257243,2021-12-17,2022-08-16,NULL,242,NULL
257244,2021-12-17,2021-12-17,2021-12-17,0,0
257245,2021-12-17,2021-12-17,NULL,0,NULL
257246,2021-12-17,2021-12-17,NULL,0,NULL
257249,2021-12-17,2021-12-17,NULL,0,NULL
257252,2021-12-17,2021-12-17,NULL,0,NULL
257253,2021-12-17,2021-12-17,NULL,0,NULL
257254,2021-12-17,2021-12-17,2021-12-17,0,0
257255,2021-12-17,2021-12-17,NULL,0,NULL
257256,2021-12-17,2021-12-17,NULL,0,NULL
257257,2021-12-17,2021-12-17,NULL,0,NULL
257259,2021-12-17,2021-12-17,NULL,0,NULL
257260,2021-12-17,2021-12-18,NULL,1,NULL
257261,2021-12-17,2021-12-17,NULL,0,NULL
257263,2021-12-17,2021-12-17,NULL,0,NULL
257267,2021-12-17,2021-12-17,NULL,0,NULL
257268,2021-12-17,2021-12-17,NULL,0,NULL
257270,2021-12-17,2022-01-10,NULL,24,NULL
257272,2021-12-17,2021-12-17,NULL,0,NULL
257273,2021-12-17,2021-12-17,NULL,0,NULL
257274,2021-12-17,2021-12-17,NULL,0,NULL
257275,2021-12-17,2022-01-06,NULL,20,NULL
257276,2021-12-17,2021-12-17,NULL,0,NULL
257277,2021-12-17,2021-12-17,NULL,0,NULL
257279,2021-12-17,2021-12-17,NULL,0,NULL
257281,2021-12-17,2021-12-17,NULL,0,NULL
257282,2021-12-17,2021-12-17,NULL,0,NULL
257286,2021-12-17,2021-12-17,NULL,0,NULL
257287,2021-12-17,2021-12-17,NULL,0,NULL
257292,2021-12-17,2021-12-17,NULL,0,NULL
257293,2021-12-17,2021-12-17,NULL,0,NULL
257294,2021-12-17,2021-12-17,NULL,0,NULL
257295,2021-12-17,2021-12-17,NULL,0,NULL
257296,2021-12-17,2021-12-17,NULL,0,NULL
257303,2021-12-17,2021-12-17,NULL,0,NULL
257304,2021-12-17,2021-12-17,NULL,0,NULL
257305,2021-12-17,2022-06-17,NULL,182,NULL
257307,2021-12-17,2021-12-17,NULL,0,NULL
257311,2021-12-17,2021-12-17,NULL,0,NULL
257313,2021-12-17,2021-12-17,NULL,0,NULL
257316,2021-12-17,2021-12-17,NULL,0,NULL
257317,2021-12-17,2021-12-17,NULL,0,NULL
257318,2021-12-17,2021-12-17,2022-11-28,0,346
257320,2021-12-17,2021-12-19,NULL,2,NULL
257321,2021-12-17,2021-12-17,NULL,0,NULL
257324,2021-12-17,2021-12-17,NULL,0,NULL
257325,2021-12-17,2021-12-27,NULL,10,NULL
257329,2021-12-17,2021-12-17,NULL,0,NULL
257330,2021-12-17,2021-12-17,2021-12-20,0,3
257331,2021-12-17,2021-12-17,NULL,0,NULL
257332,2021-12-17,2021-12-19,NULL,2,NULL
257333,2021-12-17,2021-12-20,NULL,3,NULL
257334,2021-12-17,2021-12-17,NULL,0,NULL
257337,2021-12-17,2021-12-17,NULL,0,NULL
257338,2021-12-17,2021-12-17,NULL,0,NULL
257339,2021-12-17,2021-12-17,NULL,0,NULL
257340,2021-12-18,2021-12-18,NULL,0,NULL
257341,2021-12-18,2021-12-19,NULL,1,NULL
257343,2021-12-18,2021-12-18,NULL,0,NULL
257351,2021-12-18,2021-12-18,NULL,0,NULL
257356,2021-12-18,2021-12-18,NULL,0,NULL
257359,2021-12-18,2021-12-18,NULL,0,NULL
257360,2021-12-18,2021-12-18,NULL,0,NULL
257362,2021-12-18,2021-12-18,NULL,0,NULL
257364,2021-12-18,2021-12-18,NULL,0,NULL
257372,2021-12-18,2021-12-18,NULL,0,NULL
257373,2021-12-18,2021-12-18,NULL,0,NULL
257375,2021-12-18,2021-12-18,NULL,0,NULL
257376,2021-12-18,2021-12-18,NULL,0,NULL
257377,2021-12-18,2021-12-18,NULL,0,NULL
257379,2021-12-18,2021-12-18,NULL,0,NULL
257380,2021-12-18,2021-12-18,NULL,0,NULL
257382,2021-12-18,2021-12-18,NULL,0,NULL
257387,2021-12-18,2021-12-18,NULL,0,NULL
257389,2021-12-18,2021-12-18,NULL,0,NULL
257390,2021-12-18,2021-12-19,NULL,1,NULL
257391,2021-12-18,2021-12-18,NULL,0,NULL
257392,2021-12-18,2021-12-18,NULL,0,NULL
257394,2021-12-18,2021-12-23,NULL,5,NULL
257397,2021-12-18,2022-03-12,NULL,84,NULL
257398,2021-12-18,2021-12-18,NULL,0,NULL
257401,2021-12-18,2021-12-18,NULL,0,NULL
257405,2021-12-18,2021-12-18,2021-12-18,0,0
257407,2021-12-18,2021-12-18,NULL,0,NULL
257410,2021-12-18,2022-10-07,NULL,293,NULL
257411,2021-12-18,2021-12-18,NULL,0,NULL
257412,2021-12-18,2021-12-18,NULL,0,NULL
257413,2021-12-18,2021-12-18,NULL,0,NULL
257414,2021-12-18,2021-12-18,NULL,0,NULL
257415,2021-12-18,2021-12-20,2021-12-27,2,7
257416,2021-12-18,2021-12-18,NULL,0,NULL
257418,2021-12-18,2021-12-18,NULL,0,NULL
257420,2021-12-18,2021-12-19,NULL,1,NULL
257421,2021-12-18,2021-12-18,NULL,0,NULL
257423,2021-12-18,2021-12-18,2021-12-18,0,0
257426,2021-12-18,2021-12-18,NULL,0,NULL
257429,2021-12-19,2021-12-19,NULL,0,NULL
257430,2021-12-19,2021-12-20,NULL,1,NULL
257442,2021-12-19,2021-12-19,NULL,0,NULL
257444,2021-12-19,2021-12-19,NULL,0,NULL
257445,2021-12-19,2021-12-19,NULL,0,NULL
257448,2021-12-19,2021-12-19,NULL,0,NULL
257449,2021-12-19,2022-02-24,NULL,67,NULL
257450,2021-12-19,2021-12-19,NULL,0,NULL
257453,2021-12-19,2021-12-19,NULL,0,NULL
257454,2021-12-19,2021-12-19,NULL,0,NULL
257455,2021-12-19,2021-12-19,NULL,0,NULL
257459,2021-12-19,2021-12-19,NULL,0,NULL
257464,2021-12-19,2021-12-19,NULL,0,NULL
257465,2021-12-19,2021-12-19,NULL,0,NULL
257466,2021-12-19,2021-12-19,NULL,0,NULL
257467,2021-12-19,2021-12-21,NULL,2,NULL
257472,2021-12-19,2021-12-19,NULL,0,NULL
257477,2021-12-19,2021-12-19,NULL,0,NULL
257482,2021-12-19,2021-12-19,NULL,0,NULL
257483,2021-12-19,2021-12-19,NULL,0,NULL
257486,2021-12-19,2021-12-19,2022-02-01,0,44
257487,2021-12-19,2021-12-20,NULL,1,NULL
257491,2021-12-19,2021-12-19,NULL,0,NULL
257492,2021-12-19,2021-12-19,NULL,0,NULL
257495,2021-12-19,2021-12-19,NULL,0,NULL
257496,2021-12-19,2021-12-19,NULL,0,NULL
257502,2021-12-19,2021-12-19,2021-12-21,0,2
257503,2021-12-19,2021-12-19,2021-12-20,0,1
257505,2021-12-19,2021-12-19,NULL,0,NULL
257506,2021-12-19,2021-12-19,NULL,0,NULL
257508,2021-12-19,2021-12-19,NULL,0,NULL
257509,2021-12-19,2021-12-20,2022-01-20,1,31
257510,2021-12-19,2021-12-20,NULL,1,NULL
257511,2021-12-19,2021-12-19,NULL,0,NULL
257513,2021-12-19,2022-01-23,NULL,35,NULL
257514,2021-12-19,2021-12-19,NULL,0,NULL
257515,2021-12-19,2021-12-19,NULL,0,NULL
257521,2021-12-19,2021-12-19,2021-12-19,0,0
257524,2021-12-19,2021-12-19,NULL,0,NULL
257526,2021-12-19,2021-12-19,NULL,0,NULL
257532,2021-12-20,2021-12-20,2021-12-21,0,1
257533,2021-12-20,2021-12-20,NULL,0,NULL
257535,2021-12-20,2021-12-20,NULL,0,NULL
257540,2021-12-20,2021-12-20,NULL,0,NULL
257541,2021-12-20,2021-12-20,NULL,0,NULL
257543,2021-12-20,2021-12-20,NULL,0,NULL
257544,2021-12-20,2021-12-20,NULL,0,NULL
257545,2021-12-20,2021-12-23,NULL,3,NULL
